crisis,wikiText,truthKeywords
2012_Sandy_Hurricane,"Hurricane Sandy, colloquially referred to as ""Superstorm Sandy"", was the deadliest and most destructive hurricane of the 2012 Atlantic hurricane season, and the second-costliest hurricane in United States history.[3] Classified as the eighteenth named storm, tenth hurricane and second major hurricane of the year, Sandy was a Category 3 storm at its peak intensity when it made landfall in Cuba. While it was a Category 2 hurricane off the coast of the Northeastern United States, the storm became the largest Atlantic hurricane on record (as measured by diameter, with winds spanning 1,100 miles (1,800 km)). Estimates as of 2015 assessed damage to have been about $75 billion (2012 USD), a total surpassed only by Hurricane Katrina. At least 233 people were killed along the path of the storm in eight countries.",
2013_Alberta_Floods,"In the days leading up to June 19, 2013, Alberta, Canada, experienced heavy rainfall that triggered catastrophic flooding described by the provincial government as the worst in Alberta's history. Areas along the Bow, Elbow, Highwood, Red Deer, Sheep, Little Bow, and South Saskatchewan rivers and their tributaries were particularly affected. A total of 32 states of local emergency were declared and 28 emergency operations centres were activated as water levels rose and numerous communities were placed under evacuation orders.",
2013_Boston_Bombings,"On April 15, 2013, two homemade bombs detonated 12 seconds and 210 yards (190 m) apart at 2:49 p.m., near the finish line of the annual Boston Marathon, killing three people and injuring several hundred others, including 16 who lost limbs.",
2013_Oklahoma_Tornado,"On the afternoon of May 20, 2013, an intense and destructive EF5 tornado struck Moore, Oklahoma, and adjacent areas, with peak winds estimated at 210 mph (340 km/h), killing 24 people (plus one indirect fatality) and injuring 377 others. The tornado was part of a larger weather system that had produced several other tornadoes across the Great Plains over the previous two days, including five that struck portions of Central Oklahoma the day prior on May 19.",
2013_Queensland_Floods,"Tropical Cyclone Oswald in January 2013 passed over parts of Queensland and New South Wales, Australia over a number of days, causing widespread impact including severe storms, flooding, and water spouts. Coastal regions of Queensland were the most impacted with Mundubbera, Eidsvold, Gayndah and Bundaberg in the Wide Bay�Burnett hit severely. In many places the rainfall total for January set new records. Across the affected region, damage from severe weather and flooding amounted to at least A$2.4 billion (US$2.5 billion).",
2013_West_Texas_Explosion,"On April 17, 2013, an ammonium nitrate explosion occurred at the West Fertilizer Company storage and distribution facility in West, Texas, eighteen miles (29 km) north of Waco, while emergency services personnel were responding to a fire at the facility. Fifteen people were killed, more than 160 were injured, and more than 150 buildings were damaged or destroyed. Investigators have confirmed that ammonium nitrate was the material that exploded. On May 11, 2016, the Bureau of Alcohol, Tobacco, Firearms and Explosives stated that the fire had been deliberately set.",
